<settings>
    <servers>
        <server>
            <id>templates-maven</id>
            <configuration>
                <httpHeaders>
                    <property>
                        <name>Private-Token</name>
                        <value>${env.CI_PIPELINE}</value>
                    </property>
                </httpHeaders>
            </configuration>
        </server>
        <server>
            <id>libraries-maven</id>
            <configuration>
                <httpHeaders>
                    <property>
                        <name>Private-Token</name>
                        <value>${env.CI_PIPELINE}</value>
                    </property>
                </httpHeaders>
            </configuration>
        </server>
        <server>
            <id>gitlab-maven-graphql-cc-client</id>
            <configuration>
                <httpHeaders>
                    <property>
                        <name>Private-Token</name>
                        <value>${env.CI_PIPELINE}</value>
                    </property>
                </httpHeaders>
            </configuration>
        </server>
        <!-- <server>
            <id>microservices-core-maven</id>
            <configuration>
                <httpHeaders>
                    <property>
                        <name>Private-Token</name>
                        <value>${env.CI_PIPELINE</value>
                    </property>
                </httpHeaders>
            </configuration>
        </server> -->
        <server>
            <id>gitlab-maven-graphql-atoms-client</id>
            <configuration>
                <httpHeaders>
                    <property>
                        <name>Private-Token</name>
                        <value>${env.CI_PIPELINE}</value>
                    </property>
                </httpHeaders>
            </configuration>
        </server>
        <server>
            <id>gitlab-maven</id>
            <configuration>
                <httpHeaders>
                    <property>
                        <name>Private-Token</name>
                        <value>${env.CI_PIPELINE}</value>
                    </property>
                </httpHeaders>
            </configuration>
        </server>
        <server>
            <id>microservice-parent-maven</id>
            <configuration>
                <httpHeaders>
                    <property>
                        <name>Private-Token</name>
                        <value>${env.CI_PIPELINE}</value>
                    </property>
                </httpHeaders>
            </configuration>
        </server>
    </servers>
</settings>