<settings>
    <servers>
        <server>
            <id>templates-maven</id>
            <configuration>
                <httpHeaders>
                    <property>
                        <name>Job-Token</name>
                        <value>${env.CI_JOB_TOKEN}</value>
                    </property>
                </httpHeaders>
            </configuration>
        </server>
        <server>
            <id>libraries-maven</id>
            <configuration>
                <httpHeaders>
                    <property>
                        <name>Job-Token</name>
                        <value>${env.CI_JOB_TOKEN}</value>
                    </property>
                </httpHeaders>
            </configuration>
        </server>
    </servers>
</settings>