<settings>
    <servers>
        <server>
            <id>templates-maven</id>
            <configuration>
                <httpHeaders>
                    <property>
                        <name>Private-Token</name>
                        <value>${env.CI_PIPELINE}</value>
                    </property>
                </httpHeaders>
            </configuration>
        </server>
        <server>
            <id>libraries-maven</id>
            <configuration>
                <httpHeaders>
                    <property>
                        <name>Private-Token</name>
                        <value>${env.CI_PIPELINE}</value>
                    </property>
                </httpHeaders>
            </configuration>
        </server>
        <server>
            <id>gitlab-maven</id>
            <configuration>
                <httpHeaders>
                    <property>
                        <name>Private-Token</name>
                        <value>${env.CI_PIPELINE}</value>
                    </property>
                </httpHeaders>
            </configuration>
        </server>
        <server>
            <id>graphql-tnss-fbi-client-maven</id>
            <configuration>
                <httpHeaders>
                    <property>
                        <name>Private-Token</name>
                        <value>${env.CI_PIPELINE}</value>
                    </property>
                </httpHeaders>
            </configuration>
        </server>
        <server>
            <id>graphql-a2p-client</id>
            <configuration>
                <httpHeaders>
                    <property>
                        <name>Private-Token</name>
                        <value>${env.CI_PIPELINE}</value>
                    </property>
                </httpHeaders>
            </configuration>
        </server>
        <server>
            <id>ms-core-maven</id>
            <configuration>
                <httpHeaders>
                    <property>
                        <name>Private-Token</name>
                        <value>${env.CI_PIPELINE}</value>
                    </property>
                </httpHeaders>
            </configuration>
        </server>
        <server>
            <id>java-parent-maven</id>
            <configuration>
                <httpHeaders>
                    <property>
                        <name>Private-Token</name>
                        <value>${env.CI_PIPELINE}</value>
                    </property>
                </httpHeaders>
            </configuration>
        </server>
    </servers>
</settings>